{"dups":{"0":0.0400158482,"1":0.0722520802,"2":0.0562571637,"3":0.0472698354,"4":0.0685695347,"5":0.04352383},"speed":{"0":57.0,"1":55.0,"2":61.5,"3":97.5,"4":49.0,"5":80},"addrs":{"0":11,"1":1,"2":10,"3":1,"4":13,"5":1},"coords":{"0":[41.69804016,-86.2431617162],"1":[41.6980422388,-86.2431625757],"2":[41.6980427391,-86.2431575804],"3":[41.698045935,-86.2431667901],"4":[41.6980437275,-86.2431679923],"5":[41.6985199658296,-86.2339790148103]}}